и,919
в,488
не,344
он,308
что,236
на,233
с,176
а,145
как,126
к,120
я,117
его,116
но,103
андрей,98
ефимыч,98
вы,92
это,91
же,91
по,86
у,82
ему,82
из,77
все,76
от,65
то,63
за,60
него,57
или,56
сказал,55
иван,53
дмитрич,52
было,51
когда,51
так,51
о,50
бы,49
нет,47
только,46
себя,46
михаил,43
аверьяныч,43
уже,41
ни,41
доктор,39
мне,38
да,37
вас,36
чтобы,34
даже,34
был,33
потом,33
если,32
время,32
теперь,30
без,29
для,29
меня,29
мой,29
еще,28
их,27
никита,27
очень,27
человек,26
люди,25
чем,24
во,24
до,24
вам,24
хоботов,24
день,23
со,23
всегда,22
есть,22
лет,22
при,22
здесь,20
себе,20
жизнь,20
ничего,20
вот,20
нас,19
никогда,19
жизни,19
вдруг,19
раз,19
андрея,19
ефимыча,19
больше,18
городе,18
после,18
андрею,18
ефимычу,18
этом,17
два,17
больных,17
совершенно,17
доктора,17
дорогой,17
ним,16
были,16
говорил,16
том,16
мы,15
лицо,15
говорит,15
под,15
глаза,15
думал,15
друг,15
лат,15
потому,14
этого,14
свою,14
они,14
человека,14
своим,14
тем,14
можно,14
быть,14
6,13
нем,13
около,13
эта,13
которые,13
своего,13
ли,13
что-то,13
скоро,13
ее,13
нужно,13
дома,13
тоже,13
который,13
ведь,13
совсем,13
значит,13
самом,13
была,13
больницу,13
тут,13
город,13
флигель,12
людей,12
всего,12
один,12
голову,12
давно,12
всем,12
руки,12
почему-то,12
она,12
зачем,12
проговорил,12
которого,11
будто,11
утром,11
будет,11
через,11
где,11
жить,11
книги,11
ивана,11
дмитрича,11
про,11
одного,11
вообще,11
кажется,11
лежал,11
сел,11
друга,11
эти,10
дверь,10
них,10
вероятно,10
между,10
ходил,10
оно,10
деле,10
почему,10
там,10
лицом,10
обеда,10
ум,10
страдания,10
дарьюшка,10
голосом,10
вчера,10
равно,10
франц,10
свете,9
минуту,9
палате,9
постели,9
тихо,9
затем,9
такой,9
ходит,9
стал,9
тому,9
говорить,9
прежде,9
домой,9
того,9
мысли,9
нему,9
больные,9
вместе,9
перед,9
опять,9
крикнул,9
больнице,8
тот,8
груди,8
всех,8
обыкновенно,8
ноги,8
быстро,8
какая,8
сергей,8
рублей,8
громко,8
хорошо,8
разве,8
казалось,8
дело,8
рано,8
вышел,8
палату,8
страшно,8
говорят,8
пришел,8
сегодня,8
правда,8
какие,8
можете,8
может,8
спросил,8
вами,8
часто,7
какой,7
надо,7
бьет,7
пять,7
сидит,7
головой,7
мойсейка,7
двадцать,7
назад,7
стороны,7
кроме,7
кто-нибудь,7
своих,7
ночи,7
дрожа,7
об,7
отец,7
знал,7
всякий,7
каждый,7
хотел,7
честь,7
имеет,7
делать,7
будем,7
верно,7
свое,7
нельзя,7
свои,7
которых,7
руками,7
глядя,7
пора,7
пить,7
считал,7
слова,7
раза,7
вскочил,7
продолжал,7
ну,7
оба,7
этот,7
вид,6
весь,6
такое,6
кровати,6
первый,6
вопросы,6
своей,6
палаты,6
хуже,6
любит,6
своему,6
сам,6
начинает,6
улице,6
должен,6
эту,6
одной,6
голова,6
много,6
могут,6
читать,6
никакой,6
степени,6
долго,6
мимо,6
рассуждать,6
деньги,6
другой,6
ума,6
плечами,6
понимаю,6
поздно,6
никто,6
которую,6
мужики,6
фельдшер,6
умирать,6
знает,6
сергеич,6
часа,6
думает,6
пиво,6
молча,6
выше,6
руку,6
евгений,6
федорыч,6
ваше,6
халат,6
должны,6
сидеть,6
бог,6
лег,6
извините,6
боли,6
боль,6
управы,6
ехать,6
дворе,5
стоит,5
первую,5
лицу,5
двери,5
улыбаясь,5
отвечает,5
окну,5
богу,5
иногда,5
одном,5
бывший,5
угла,5
угол,5
каким-то,5
им,5
телом,5
ходить,5
хочется,5
сказать,5
по-видимому,5
ней,5
трудно,5
неделю,5
имел,5
все-таки,5
место,5
чтоб,5
читает,5
думать,5
раньше,5
чувства,5
какое-то,5
показалось,5
таким,5
несколько,5
целый,5
например,5
времени,5
этой,5
одно,5
хозяйке,5
вздор,5
тюрьме,5
конце,5
странно,5
мысль,5
сильно,5
этих,5
самое,5
мужик,5
чего,5
сделать,5
знаете,5
какое,5
изо,5
дня,5
впрочем,5
вон,5
воли,5
недоразумение,5
оттого,5
книг,5
почтмейстер,5
голос,5
диван,5
жаль,5
глубоко,5
уважаемый,5
знать,5
бессмертие,5
конечно,5
сто,5
молодой,5
ужасно,5
жил,5
вздохнул,5
слушал,5
точно,5
вспомнил,5
понял,5
презирать,5
коллега,5
почувствовал,5
голубчик,5
диване,5
слово,5
сюда,5
больничном,4
одни,4
бывает,4
сени,4
больничного,4
старые,4
вся,4
красный,4
ясно,4
полу,4
сумасшедшие,4
глазами,4
принимает,4
одному,4
улицу,4
видеть,4
копеечку,4
месте,4
другом,4
собой,4
делает,4
грубо,4
невольно,4
сенях,4
глазах,4
спать,4
останавливается,4
видно,4
будут,4
продолжает,4
над,4
горячо,4
страстно,4
речь,4
зато,4
смерть,4
университете,4
понятия,4
утра,4
пал,4
духом,4
должность,4
болезни,4
мало,4
спал,4
скучно,4
чувство,4
читал,4
едва,4
чтение,4
ними,4
головы,4
вечером,4
врачи,4
поднялся,4
дни,4
ивану,4
дмитричу,4
выражением,4
встрече,4
улыбался,4
смерти,4
кухне,4
ушах,4
спиной,4
доктором,4
уж,4
глаз,4
тяжелая,4
когда-то,4
никому,4
страха,4
подходит,4
хотят,4
признаться,4
недавно,4
слух,4
своем,4
году,4
кулаком,4
приехал,4
состоянии,4
сиделки,4
всю,4
говорили,4
городу,4
хоть,4
право,4
чаю,4
тысяч,4
оставить,4
конец,4
смертью,4
часов,4
кабинете,4
такая,4
одним,4
баба,4
двадцати,4
уходит,4
стол,4
три,4
спрашивает,4
приходит,4
души,4
небось,4
рад,4
пива,4
видом,4
разговор,4
сами,4
россии,4
женщина,4
платье,4
тогда,4
мыслящий,4
хотя,4
вечера,4
вспоминать,4
карты,4
пишут,4
дела,4
разницы,4
делу,4
денег,4
саду,4
холода,4
пошел,4
ты,4
прошу,4
кого,4
кровать,4
моей,4
ваш,4
изволили,4
уразумению,4
уразумение,4
прошелся,4
засмеялся,4
говорю,4
пожал,4
видите,4
ничему,4
истинное,4
раздражение,4
действительность,4
страданиям,4
зубы,4
сумасшедший,4
сидел,4
неподвижно,4
приходил,4
хоботова,4
тоном,4
стало,4
боже,4
взял,4
отдохнуть,4
хотелось,4
выходил,4
неужели,4
стыдно,4
бромистым,4
калием,4
слабы,4
п,3
палата,3
небольшой,3
целым,3
остались,3
больничный,3
больничных,3
никуда,3
лежит,3
старый,3
нос,3
тех,3
комнату,3
сеней,3
окна,3
решетками,3
впечатление,3
мещане,3
высокий,3
блестящими,3
подперев,3
ночь,3
покачивая,3
горько,3
редко,3
пьет,3
судя,3
следует,3
маленький,3
ночью,3
жид,3
городской,3
просит,3
беспорядки,3
правой,3
тридцати,3
здоровый,3
необыкновенно,3
состояния,3
вечерам,3
свой,3
похоже,3
дает,3
волю,3
хорошее,3
человеческой,3
временем,3
земле,3
самой,3
чиновник,3
умер,3
всяких,3
матери,3
места,3
занимал,3
пока,3
ел,3
людям,3
кем,3
говоря,3
невежество,3
иначе,3
нужны,3
общество,3
никаких,3
чистота,3
вроде,3
клубе,3
однажды,3
мог,3
будущем,3
возможна,3
тюрьмы,3
течением,3
силу,3
мужика,3
крови,3
жалованье,3
верст,3
железной,3
насилие,3
двор,3
казались,3
спит,3
логика,3
совесть,3
концов,3
бесполезно,3
служба,3
стала,3
как-нибудь,3
другое,3
начинал,3
солнца,3
пришли,3
кричал,3
мешать,3
лечиться,3
ночам,3
мыслить,3
чувствовать,3
этому,3
последний,3
весело,3
какую-то,3
пожимая,3
сортировщик,3
лукаво,3
непременно,3
белый,3
флигеле,3
чай,3
новых,3
посещать,3
немного,3
сумасшедших,3
довольно,3
знаю,3
большой,3
хватит,3
виноват,3
которая,3
палатах,3
тяжело,3
смотритель,3
сиделок,3
отлично,3
знали,3
слава,3
возле,3
здоровья,3
что-нибудь,3
дал,3
дай,3
счет,3
первое,3
тридцать,3
двенадцать,3
науки,3
философию,3
чему,3
каждого,3
какой-нибудь,3
десять,3
вопрос,3
садится,3
приемной,3
изредка,3
медленно,3
полчаса,3
комнатам,3
просто,3
нам,3
человеком,3
беседа,3
тупой,3
одна,3
скачать,3
сайте,3
-,3
knigochei,3
net,3
пили,3
михаила,3
аверьяныча,3
выхода,3
против,3
хочет,3
внимательно,3
верите,3
верю,3
имею,3
душе,3
вздохом,3
улыбкой,3
уйти,3
глину,3
этим,3
бессмертия,3
ниже,3
глупости,3
противно,3
рядом,3
водку,3
болезнь,3
которому,3
публика,3
те,3
суета,3
должно,3
своею,3
высоких,3
сапогах,3
всей,3
квартире,3
такие,3
тень,3
коллегу,3
средства,3
проводить,3
обратился,3
доктору,3
подумал,3
мягко,3
высокоблагородие,3
убить,3
могу,3
отсюда,3
третий,3
насмешливо,3
радуюсь,3
кончил,3
которое,3
презрение,3
жили,3
диоген,3
люблю,3
сначала,3
начал,3
оставьте,3
квартиру,3
именно,3
подушку,3
смущении,3
полагаю,3
час,3
гадко,3
палатой,3
самого,3
мной,3
представление,3
мудрец,3
страдание,3
будете,3
внешнее,3
благо,3
слезами,3
философ,3
раздражением,3
прекрасно,3
учение,3
две,3
положим,3
страдали,3
позвольте,3
сколько,3
сидели,3
посмотрел,3
философия,3
ответ,3
чувствуешь,3
туда,3
подозревал,3
пил,3
отворил,3
смотрителя,3
другу,3
города,3
член,3
пятьсот,3
человеку,3
сердце,3
задавали,3
глупые,3
куда,3
варшаву,3
кто,3
надел,3
как-то,3
долгом,3
спинке,3
поехал,3
тупые,3
номера,3
беловой,3
черту,3
пойти,3
склянку,3
накипь,3
обеими,3
даст,3
гоп,3
заколдованный,3
круг,3
выздоровеете,3
выйти,3
встал,3
луна,3
отвори,3
чехова,2
тоски,2
существования,2
чехов,2
наполовину,2
глядит,2
поле,2
забор,2
гвозди,2
имеют,2
флигелю,2
посмотрим,2
горы,2
хлама,2
панталоны,2
синими,2
кучи,2
удушливый,2
запах,2
солдат,2
суровое,2
кулаки,2
порядок,2
входите,2
считать,2
стены,2
зимой,2
комнате,2
сидят,2
лежат,2
халатах,2
худощавый,2
мещанин,2
одну,2
участие,2
машинально,2
дают,2
щеках,2
живой,2
старик,2
черными,2
волосами,2
днем,2
поджав,2
встает,2
кулаками,2
пальцем,2
дверях,2
дурачок,2
флигеля,2
улицах,2
мальчишками,2
колпаке,2
улицам,2
останавливаясь,2
ворот,2
хлеба,2
третьем,2
богатым,2
приносит,2
сердцем,2
бога,2
пускать,2
товарищам,2
воду,2
спят,2
каждому,2
новой,2
левой,2
паралитика,2
сострадания,2
громов,2
преследования,2
возбужден,2
напряжен,2
поднял,2
идут,2
отвращение,2
нравится,2
страхом,2
душу,2
искренним,2
теплый,2
блеск,2
деликатный,2
всеми,2
каждое,2
товарищей,2
добрым,2
ложась,2
постоянно,2
стуча,2
важное,2
берет,2
голосе,2
чрезвычайно,2
подлости,2
правду,2
каждую,2
старых,2
сергея,2
дом,2
отце,2
петербурге,2
учился,2
месяц,2
никакого,2
пришлось,2
резко,2
изменить,2
заниматься,2
бросив,2
городке,2
получил,2
сошелся,2
бросил,2
поступил,2
пор,2
годы,2
дурно,2
благодаря,2
близко,2
друзей,2
грубое,2
сонная,2
восторгом,2
искренно,2
бывало,2
высших,2
честным,2
чтения,2
сил,2
людях,2
человечество,2
любили,2
называли,2
грустное,2
мнению,2
чем-то,2
журналы,2
газеты,2
лежа,2
пальто,2
грязи,2
какому-то,2
получить,2
настроение,2
утрам,2
арестанта,2
четыре,2
ружьями,2
встречал,2
заковать,2
образом,2
вести,2
тюрьму,2
возвращаясь,2
прошел,2
солдаты,2
душевная,2
тревога,2
сосредоточиться,2
огня,2
арестовать,2
украдет,2
нечаянно,2
наконец,2
судебная,2
ошибка,2
недаром,2
отношение,2
чужому,2
полицейские,2
ничем,2
отношении,2
судье,2
справедливости,2
двести,2
дороги,2
всякое,2
оставляют,2
могли,2
всякого,2
повода,2
окон,2
молчат,2
полдень,2
слишком,2
очевидно,2
преступник,2
вздрагивал,2
томился,2
нового,2
равнодушным,2
сущности,2
умнее,2
рассуждал,2
сильнее,2
работал,2
видя,2
боялся,2
тысячи,2
серьезно,2
книгам,2
снег,2
уверять,2
утомила,2
решил,2
положении,2
лучшее,2
спрятаться,2
просидел,2
вор,2
среди,2
комнаты,2
страх,2
потихоньку,2
квартиры,2
ужасом,2
шапки,2
мира,2
хозяйку,2
котором,2
капли,2
грустно,2
покачал,2
ушел,2
сходить,2
положили,2
год,2
забыли,2
сосед,2
жиром,2
почти,2
животное,2
способность,2
идет,2
бьют,2
звуком,2
пятый,2
почте,2
умным,2
тайну,2
смотрит,2
звездой,2
исключение,2
недоумении,2
ожидал,2
угрюмо,2
щуря,2
толстого,2
халатов,2
щи,2
кислой,2
капусты,2
ходят,2
цирюльника,2
никиту,2
разнесся,2
странный,2
замечательный,2
кончив,2
курс,2
духовную,2
медицины,2
пойдет,2
чувствовал,2
медицине,2
начале,2
грубая,2
дороге,2
дух,2
тихая,2
узком,2
дать,2
дорогу,2
одевается,2
полного,2
больничные,2
дети,2
спали,2
рожа,2
держали,2
картофель,2
кастелянша,2
занимался,2
женщин,2
гораздо,2
другие,2
помощи,2
земства,2
содержать,2
молодое,2
земство,2
учреждение,2
безнравственное,2
высшей,2
вредное,2
жителей,2
умное,2
прогнать,2
нужна,2
гадости,2
такого,2
хорошего,2
имело,2
приняв,2
отнесся,2
равнодушно,2
ночевать,2
местах,2
умную,2
характера,2
умеет,2
употреблять,2
пообедать,2
смотрителю,2
ненужную,2
чувствует,2
виновато,2
делал,2
операции,2
завтра,2
года,2
смертность,2
помощь,2
больным,2
физической,2
возможности,2
выходит,2
обман,2
отчетном,2
попросту,2
обмануто,2
ими,2
правилам,2
правила,2
здоровая,2
пища,2
хорошие,2
цель,2
лекарства,2
облегчать,2
во-первых,2
во-вторых,2
сих,2
счастие,2
страшные,2
восемь,2
приемки,2
толстый,2
новом,2
костюме,2
фельдшера,2
считает,2
более,2
практики,2
образ,2
стенах,2
портреты,2
воскресеньям,2
обходит,2
какого-нибудь,2
задумавшись,2
задает,2
волнует,2
рот,2
горло,2
кричит,2
слезы,2
остальных,2
придя,2
философии,2
огурец,2
прямо,2
водки,2
нее,2
красное,2
дарьюшки,2
погожу,2
служил,2
бодрый,2
бакены,2
приятный,2
добр,2
чувствителен,2
соглашается,2
замолчать,2
образованность,2
благородство,2
входя,2
здравствуйте,2
напротив,2
приятели,2
собеседнику,2
громадное,2
интеллигенция,2
уверяю,2
нисколько,2
человеческого,2
проводит,2
наслаждения,2
видим,2
пение,2
кухни,2
скорби,2
послушать,2
эх,2
вздыхает,2
интересно,2
женщины,2
кавказ,2
батальонного,2
командира,2
странная,2
слушает,2
умные,2
неожиданно,2
образование,2
влиянием,2
идей,2
умственного,2
склонность,2
сознание,2
которой,2
небытия,2
смысл,2
сходятся,2
обобщениям,2
обмене,2
верить,2
думаю,2
передней,2
однако,2
придется,2
приятеля,2
всему,2
охладеть,2
земной,2
миллионы,2
носиться,2
землей,2
вокруг,2
словно,2
веществ,2
утешать,2
природе,2
тело,2
разбилась,2
часы,2
подумать,2
мыслей,2
прошлое,2
лучше,2
настоящем,2
корпусе,2
больничное,2
больница,2
по-прежнему,2
последние,2
медицину,2
медицина,2
великий,2
16,2
случай,2
открытия,2
болезней,2
по-человечески,2
газетах,2
устраивают,2
спектакли,2
балы,2
мерзость,2
верстах,2
всякой,2
сущность,2
сумасшедшим,2
ничто,2
получают,2
другим,2
пособия,2
больницы,2
врач,2
называет,2
кухаркой,2
фуражке,2
полушубке,2
фельдшером,2
идя,2
играет,2
канитель,2
тебе,2
наводить,2
банки,2
марта,2
почтмейстера,2
входил,2
подал,2
нехорошо,2
красными,2
вслед,2
вытянулся,2
выдать,2
сапоги,2
слушаю,2
скажи,2
просил,2
тревогой,2
гнева,2
злым,2
захохотал,2
проклятая,2
какого,2
видели,2
судорожно,2
запахиваясь,2
отвращением,2
губы,2
желая,2
успокойтесь,2
сердиты,2
скажите,2
болен,2
ваша,2
посадили,2
пустая,2
присутствии,2
идите,2
задержат,2
горожане,2
потер,2
лоб,2
понравилось,2
постель,2
бежать,2
остается,2
необходимо,2
погодите,2
решеток,2
пошло,2
заря,2
восторжествует,2
праздник,2
вперед,2
из-за,2
движение,2
вещей,2
природы,2
освещала,2
вашу,2
яму,2
кто-то,2
сказано,2
удовольствия,2
стене,2
вдумчивый,2
обстановке,2
глубокое,2
мышление,2
тремя,2
бочке,2
говорите,2
рассердился,2
бывают,2
минуты,2
хочу,2
ко,2
ж,2
таких,2
глядел,2
несчастный,2
темно,2
стоя,2
рассказывать,2
отчего,2
поговорить,2
лица,2
напрасно,2
пробормотал,2
сразу,2
идти,2
нечего,2
усмехнулся,2
шпион,2
допустим,2
покойно,2
прогуляться,2
потирая,2
спросонок,2
нестерпимо,2
пальцы,2
дрожали,2
болела,2
теплым,2
уютным,2
кабинетом,2
этою,2
покой,2
довольство,2
вне,2
ждет,2
дурного,2
всякую,2
внутреннее,2
вставая,2
криком,2
собственно,2
удивляться,2
указал,2
большинство,2
равнодушие,2
непонятно,2
повторяю,2
стоиков,2
отвечать,2
остановился,2
ближнего,2
плакал,2
шел,2
молился,2
разумно,2
считаете,2
дотронулся,2
словом,2
действительностью,2
знакомы,2
презираете,2
сует,2
совета,2
готов,2
истинному,2
благу,2
дверью,2
других,2
приятно,2
моя,2
удовольствие,2
беседе,2
откровенно,2
понять,2
случалось,2
отправился,2
двору,2
веру,2
взглянул,2
наш,2
господи,2
сапогов,2
кругом,2
любил,2
рассказывая,2
заболели,2
письмо,2
пожаловать,2
белокурого,2
заводе,2
вашей,2
перевести,2
флигелей,2
подумав,2
помолчали,2
докладывать,2
передайте,2
белокурый,2
воинский,2
начальник,2
сплетни,2
покраснел,2
больной,2
старикам,2
докажите,2
искреннее,2
сейчас,2
превосходно,2
днях,2
отпуск,2
другого,2
поедем,2
здоровым,2
неизвестно,2
провел,2
счастливейших,2
изумительный,2
едемте,2
тарантасе,2
ехали,2
хохотал,2
верхом,2
болтовня,2
досадой,2
интереснее,2
москве,2
спички,2
столе,2
видел,2
белье,2
помолился,2
смотрел,2
ангел,2
возможно,2
развлекал,2
разговорами,2
остаться,2
стиснув,2
уверял,2
деликатности,2
михаилу,2
аверьянычу,2
сознавать,2
одиночества,2
дружбы,2
скучен,2
никак,2
вставал,2
обыкновению,2
вернулся,2
схватил,2
произнес,2
пришло,2
дайте,2
стыда,2
повалился,2
некрасивая,2
новые,2
восемьдесят,2
шесть,2
спрашиваю,2
крайней,2
мере,2
домике,2
мещанки,2
детей,2
становилось,2
кропотливая,2
работа,2
зажмурив,2
покое,2
надоела,2
обидно,2
дали,2
справедливость,2
орденами,2
навещать,2
горлу,2
миллион,2
увидит,2
случилось,2
явился,2
молодцом,2
покажем,2
глазом,2
женим,2
пошлость,2
произошло,2
старое,2
сквозь,2
решетку,2
хотите,2
зашептал,2
ложитесь,2
17,2
верьте,2
попал,2
евгения,2
федорыча,2
скажут,2
решетки,2
думая,2
вошли,2
ждал,2
пожалуйте,2
копченою,2
повторил,2
пройтись,2
тотчас,2
холодный,2
пот,2
сплюнул,2
сиплым,2
кровь,2
придут,2
тюрьма,2
ухватился,2
мелюзги,2
выйду,2
вскрикнул,2
произвол,2
поговори,2
ударил,2
свет,2
голове,2
принес,2
милый,2
мальчик,2
annotation,1
книгу,1
вошла,1
повесть,1
мотивы,1
гнетущей,1
действительности,1
пронзительно,1
звучащие,1
повестях,1
оттеняют,1
остроту,1
сложность,1
переживаний,1
героев,1
тонкий,1
психолог,1
мастер,1
подтекста,1
обнажает,1
самые,1
потаенные,1
области,1
сознания,1
создавая,1
спектакль,1
персонажей-марионеток,1
драматургию,1
человеческих,1
душ,1
антон,1
i,1
окруженный,1
лесом,1
репейника,1
крапивы,1
дикой,1
конопли,1
крыша,1
ржавая,1
труба,1
обвалилась,1
ступеньки,1
крыльца,1
сгнили,1
поросли,1
травой,1
штукатурки,1
следы,1
передним,1
фасадом,1
обращен,1
задним,1
отделяет,1
серый,1
гвоздями,1
обращенные,1
остриями,1
кверху,1
самый,1
особый,1
унылый,1
окаянный,1
тюремных,1
построек,1
боитесь,1
ожечься,1
крапиву,1
пойдемте,1
узкой,1
тропинке,1
ведущей,1
делается,1
внутри,1
отворив,1
входим,1
стен,1
печки,1
навалены,1
целые,1
матрацы,1
изодранные,1
халаты,1
рубахи,1
полосками,1
годная,1
истасканная,1
обувь,1
рвань,1
свалена,1
перемята,1
спуталась,1
гниет,1
издает,1
хламе,1
трубкой,1
зубах,1
сторож,1
отставной,1
порыжелыми,1
нашивками,1
испитое,1
нависшие,1
брови,1
придающие,1
выражение,1
степной,1
овчарки,1
невысок,1
ростом,1
сухощав,1
жилист,1
осанка,1
внушительная,1
здоровенные,1
принадлежит,1
числу,1
простодушных,1
положительных,1
исполнительных,1
тупых,1
любят,1
убеждены,1
бить,1
спине,1
попало,1
уверен,1
порядка,1
далее,1
большую,1
просторную,1
занимающую,1
вымазаны,1
грязно-голубою,1
краской,1
потолок,1
закопчен,1
курной,1
избе,1
дымят,1
печи,1
угарно,1
изнутри,1
обезображены,1
железными,1
пол,1
сер,1
занозист,1
воняет,1
кислою,1
капустой,1
фитильною,1
гарью,1
клопами,1
аммиаком,1
вонь,1
производит,1
зверинец,1
стоят,1
привинченные,1
синих,1
по-старинному,1
колпаках,1
благородного,1
звания,1
остальные,1
рыжими,1
усами,1
заплаканными,1
точку,1
грустит,1
вздыхая,1
разговорах,1
ест,1
мучительному,1
бьющему,1
кашлю,1
худобе,1
румянцу,1
начинается,1
чахотка,1
подвижной,1
острою,1
бородкой,1
кудрявыми,1
негра,1
прогуливается,1
по-турецки,1
неугомонно,1
снегирь,1
насвистывает,1
поет,1
хихикает,1
детскую,1
веселость,1
характер,1
проявляет,1
помолиться,1
постучать,1
поковырять,1
помешавшийся,1
сгорела,1
шапочная,1
мастерская,1
обитателей,1
дозволяется,1
выходить,1
двора,1
привилегией,1
пользовался,1
издавна,1
старожил,1
тихий,1
безвредный,1
шут,1
привыкли,1
окруженным,1
собаками,1
халатишке,1
смешном,1
туфлях,1
босиком,1
панталон,1
лавочек,1
дадут,1
квасу,1
возвращается,1
сытым,1
отбирает,1
пользу,1
выворачивая,1
карманы,1
призывая,1
свидетели,1
станет,1
жида,1
услуживать,1
подает,1
укрывает,1
обещает,1
принести,1
улицы,1
копеечке,1
сшить,1
шапке,1
кормит,1
ложки,1
соседа,1
поступает,1
каких-либо,1
соображений,1
гуманного,1
свойства,1
подражая,1
подчиняясь,1
соседу,1
громову,1
мужчина,1
трех,1
благородных,1
судебный,1
пристав,1
губернский,1
секретарь,1
страдает,1
манией,1
свернувшись,1
калачиком,1
моциона,1
взволнован,1
смутным,1
неопределенным,1
ожиданием,1
достаточно,1
малейшего,1
шороха,1
крика,1
прислушиваться,1
ищут,1
выражает,1
крайнее,1
беспокойство,1
широкое,1
скуластое,1
бледное,1
несчастное,1
отражающее,1
зеркале,1
замученную,1
борьбой,1
продолжительным,1
гримасы,1
странны,1
болезненны,1
тонкие,1
черты,1
положенные,1
глубоким,1
страданием,1
разумны,1
интеллигентны,1
вежливый,1
услужливый,1
обращении,1
никиты,1
роняет,1
пуговку,1
ложку,1
вскакивает,1
поднимает,1
утро,1
поздравляет,1
желает,1
спокойной,1
напряженного,1
гримасничанья,1
сумасшествие,1
выражается,1
следующем,1
запахивается,1
халатик,1
зубами,1
кроватей,1
сильная,1
лихорадка,1
внезапно,1
взглядывает,1
соображая,1
слушать,1
поймут,1
нетерпеливо,1
встряхивает,1
шагать,1
желание,1
верх,1
всякими,1
соображениями,1
беспорядочна,1
лихорадочна,1
бред,1
порывиста,1
понятна,1
слышится,1
словах,1
узнаете,1
сумасшедшего,1
передать,1
бумаге,1
безумную,1
насилии,1
попирающем,1
прекрасной,1
оконных,1
решетках,1
напоминающих,1
тупости,1
жестокости,1
насильников,1
получается,1
беспорядочное,1
нескладное,1
попурри,1
допетых,1
песен,1
ii,1
двенадцать-пятнадцать,1
главной,1
собственном,1
доме,1
проживал,1
солидный,1
зажиточный,1
сына,1
будучи,1
студентом,1
четвертого,1
курса,1
заболел,1
скоротечною,1
чахоткой,1
послужила,1
началом,1
целого,1
ряда,1
несчастий,1
посыпались,1
семью,1
громовых,1
похорон,1
отдан,1
суд,1
подлоги,1
растраты,1
вскоре,1
тюремной,1
тифа,1
движимость,1
проданы,1
молотка,1
матерью,1
средств,1
проживая,1
получал,1
шестьдесят-семьдесят,1
нужде,1
давать,1
грошовые,1
уроки,1
перепиской,1
голодать,1
заработок,1
посылался,1
пропитание,1
выдержал,1
захирел,1
университет,1
уехал,1
протекции,1
учителя,1
уездном,1
училище,1
товарищами,1
понравился,1
ученикам,1
умерла,1
мать,1
полгода,1
питаясь,1
хлебом,1
водой,1
судебные,1
пристава,1
уволен,1
молодые,1
студенческие,1
производил,1
впечатления,1
здорового,1
бледен,1
худ,1
подвержен,1
простуде,1
рюмки,1
вина,1
кружилась,1
делалась,1
истерика,1
тянуло,1
раздражительному,1
характеру,1
мнительности,1
сходился,1
горожанах,1
отзывался,1
презрением,1
животная,1
кажутся,1
мерзкими,1
отвратительными,1
тенором,1
негодуя,1
возмущаясь,1
удивлением,1
заговоришь,1
сводит,1
душно,1
общества,1
интересов,1
ведет,1
тусклую,1
бессмысленную,1
разнообразя,1
насилием,1
грубым,1
развратом,1
лицемерием,1
подлецы,1
сыты,1
одеты,1
честные,1
питаются,1
крохами,1
школы,1
местная,1
газета,1
направлением,1
театр,1
публичные,1
сплоченность,1
интеллигентных,1
сознало,1
ужаснулось,1
суждениях,1
клал,1
густые,1
краски,1
белую,1
черную,1
признавая,1
оттенков,1
делилось,1
честных,1
подлецов,1
середины,1
женщинах,1
любви,1
разу,1
влюблен,1
несмотря,1
резкость,1
суждений,1
нервность,1
ласково,1
ваней,1
врожденная,1
деликатность,1
услужливость,1
порядочность,1
нравственная,1
поношенный,1
сюртучок,1
болезненный,1
семейные,1
несчастия,1
внушали,1
теплое,1
образован,1
начитан,1
горожан,1
ходячего,1
справочного,1
словаря,1
нервно,1
теребит,1
бородку,1
перелистывает,1
глотает,1
успев,1
разжевать,1
одною,1
болезненных,1
привычек,1
одинаковою,1
жадностью,1
набрасывался,1
попадало,1
прошлогодние,1
календари,1
iii,1
осенним,1
подняв,1
воротник,1
шлепая,1
переулкам,1
задворкам,1
пробирался,1
мещанину,1
исполнительному,1
листу,1
мрачное,1
переулков,1
встретились,1
кандалах,1
конвойных,1
арестантов,1
возбуждали,1
неловкости,1
встреча,1
произвела,1
особенное,1
странное,1
кандалы,1
побывав,1
мещанина,1
встретил,1
почты,1
знакомого,1
полицейского,1
надзирателя,1
поздоровался,1
шагов,1
подозрительным,1
выходили,1
арестанты,1
непонятная,1
мешала,1
зажигал,1
посадить,1
вины,1
поручиться,1
убьет,1
подожжет,1
совершить,1
преступление,1
клевета,1
вековой,1
народный,1
опыт,1
учит,1
сумы,1
зарекаться,1
теперешнем,1
судопроизводстве,1
мудреного,1
имеющие,1
служебное,1
деловое,1
страданию,1
судьи,1
привычки,1
закаляются,1
хотели,1
относиться,1
клиентам,1
формально,1
отличаются,1
задворках,1
режет,1
баранов,1
телят,1
замечает,1
формальном,1
бездушном,1
личности,1
невинного,1
лишить,1
прав,1
присудить,1
каторге,1
соблюдение,1
кое-каких,1
формальностей,1
платят,1
кончено,1
ищи,1
защиты,1
маленьком,1
грязном,1
городишке,1
смешно,1
помышлять,1
встречается,1
обществом,1
разумная,1
целесообразная,1
необходимость,1
акт,1
милосердия,1
оправдательный,1
приговор,1
вызывает,1
взрыв,1
неудовлетворенного,1
мстительного,1
ужасе,1
холодным,1
лбу,1
уверенный,1
вчерашние,1
тяжелые,1
доля,1
правды,1
прийти,1
безо,1
городовой,1
спеша,1
остановились,1
наступили,1
мучительные,1
проходившие,1
входившие,1
шпионами,1
сыщиками,1
исправник,1
проезжал,1
паре,1
ехал,1
подгородного,1
имения,1
полицейское,1
правление,1
едет,1
особенным,1
спешит,1
объявить,1
проявился,1
важный,1
всяком,1
звонке,1
стуке,1
ворота,1
хозяйки,1
полицейскими,1
жандармами,1
насвистывал,1
казаться,1
напролет,1
ожидая,1
ареста,1
храпел,1
вздыхал,1
сонный,1
мучают,1
угрызения,1
совести,1
улика,1
факты,1
здравая,1
убеждали,1
страхи,1
психопатия,1
аресте,1
взглянуть,1
пошире,1
страшного,1
спокойна,1
логичнее,1
мучительнее,1
становилась,1
пустынник,1
вырубить,1
местечко,1
девственном,1
лесу,1
усерднее,1
топором,1
гуще,1
разрастался,1
лес,1
отдался,1
отчаянию,1
страху,1
уединяться,1
избегать,1
противна,1
невыносима,1
подведут,1
положат,1
незаметно,1
карман,1
взятку,1
уличат,1
сделает,1
казенных,1
бумагах,1
ошибку,1
равносильную,1
подлогу,1
потеряет,1
чужие,1
гибка,1
изобретательна,1
выдумывал,1
разнообразных,1
поводов,1
опасаться,1
свободу,1
значительно,1
ослабел,1
интерес,1
внешнему,1
миру,1
частности,1
изменять,1
память,1
весной,1
сошел,1
овраге,1
кладбища,1
нашли,1
полусгнивших,1
трупа,1
старухи,1
мальчика,1
признаками,1
насильственной,1
разговора,1
трупах,1
неизвестных,1
убийцах,1
подумали,1
убил,1
знакомыми,1
бледнел,1
краснел,1
подлее,1
преступления,1
убийство,1
слабых,1
беззащитных,1
ложь,1
некоторого,1
размышления,1
хозяйкин,1
погреб,1
погребе,1
озяб,1
дождавшись,1
потемок,1
тайком,1
пробрался,1
рассвета,1
простоял,1
шевелясь,1
прислушиваясь,1
восхода,1
печники,1
перекладывать,1
печь,1
подсказал,1
переодетые,1
печниками,1
охваченный,1
сюртука,1
побежал,1
лаем,1
гнались,1
собаки,1
где-то,1
позади,1
свистел,1
воздух,1
скопилось,1
гонится,1
задержали,1
привели,1
послали,1
впереди,1
прописал,1
холодные,1
примочки,1
лавровишневые,1
сказав,1
придет,1
отправили,1
венерических,1
капризничал,1
беспокоил,1
распоряжению,1
переведен,1
сваленные,1
хозяйкой,1
сани,1
навесом,1
растасканы,1
iv,1
оплывший,1
круглый,1
тупым,1
бессмысленным,1
неподвижное,1
обжорливое,1
нечистоплотное,1
потерявшее,1
острый,1
смрад,1
убирающий,1
размаха,1
щадя,1
кулаков,1
привыкнуть,1
отупевшее,1
побои,1
движением,1
слегка,1
покачивается,1
бочка,1
обитатель,1
служивший,1
сортировщиком,1
блондин,1
лукавым,1
покойным,1
глазам,1
смотрящим,1
уме,1
важную,1
приятную,1
подушкой,1
матрацем,1
показывает,1
отнять,1
украсть,1
стыдливости,1
обернувшись,1
надевает,1
грудь,1
нагнув,1
подойти,1
сконфузится,1
сорвет,1
угадать,1
нетрудно,1
поздравьте,1
представлен,1
станиславу,1
второй,1
вторую,1
степень,1
иностранцам,1
улыбается,1
заявляет,1
добьюсь,1
получу,1
шведскую,1
полярную,1
звезду,1
орден,1
похлопотать,1
крест,1
черная,1
лента,1
красиво,1
нигде,1
однообразна,1
умываются,1
большого,1
ушата,1
утираются,1
фалдами,1
пьют,1
оловянных,1
кружек,1
главного,1
корпуса,1
полагается,1
кружке,1
едят,1
кашу,1
ужинают,1
кашей,1
оставшейся,1
промежутках,1
глядят,1
одних,1
орденах,1
свежих,1
видят,1
помешанных,1
любителей,1
месяца,1
семен,1
лазарич,1
цирюльник,1
стрижет,1
помогает,1
смятение,1
приходят,1
появлении,1
пьяного,1
улыбающегося,1
заглядывает,1
осуждены,1
больничному,1
корпусу,1
распустили,1
v,1
рагин,1
роде,1
ранней,1
молодости,1
набожен,1
готовил,1
духовной,1
карьере,1
1863,1
гимназии,1
намеревался,1
поступить,1
академию,1
хирург,1
едко,1
посмеялся,1
заявил,1
категорически,1
сыном,1
попы,1
насколько,1
признавался,1
призвания,1
специальным,1
наукам,1
медицинскому,1
факультету,1
священники,1
постригся,1
набожности,1
проявлял,1
особу,1
врачебной,1
карьеры,1
походил,1
наружность,1
мужицкая,1
бородой,1
плоскими,1
крепким,1
неуклюжим,1
сложением,1
напоминает,1
трактирщика,1
разъевшегося,1
невоздержного,1
крутого,1
покрыто,1
жилками,1
маленькие,1
высоком,1
росте,1
широких,1
плечах,1
громадные,1
поступь,1
походка,1
осторожная,1
вкрадчивая,1
коридоре,1
басом,1
ждешь,1
тонким,1
мягким,1
тенорком,1
шее,1
небольшая,1
опухоль,1
мешает,1
носить,1
жесткие,1
крахмальные,1
воротнички,1
мягкой,1
полотняной,1
ситцевой,1
сорочке,1
по-докторски,1
ту,1
пару,1
таскает,1
десяти,1
новая,1
одежа,1
покупает,1
жидовской,1
лавке,1
такою,1
поношенною,1
помятою,1
старая,1
сюртуке,1
обедает,1
гости,1
скупости,1
невнимания,1
наружности,1
принять,1
богоугодное,1
заведение,1
находилось,1
ужасном,1
коридорах,1
дышать,1
смрада,1
больными,1
жаловались,1
житья,1
тараканов,1
клопов,1
мышей,1
хирургическом,1
отделении,1
переводилась,1
скальпеля,1
термометра,1
ваннах,1
грабили,1
старого,1
предшественника,1
рассказывали,1
тайною,1
продажей,1
спирта,1
завел,1
гарем,1
преувеличивали,1
относились,1
спокойно,1
оправдывали,1
ложатся,1
недовольны,1
живут,1
рябчиками,1
кормить,1
оправдание,1
хорошую,1
плохая,1
открывало,1
лечебницы,1
ссылаясь,1
осмотрев,1
заключению,1
выпустить,1
закрыть,1
рассудил,1
недостаточно,1
физическую,1
нравственную,1
нечистоту,1
перейдет,1
ждать,1
сама,1
выветрится,1
открывали,1
терпят,1
предрассудки,1
житейские,1
мерзости,1
перерабатываются,1
путное,1
навоз,1
чернозем,1
первоисточнике,1
беспорядкам,1
попросил,1
мужиков,1
поставил,1
шкафа,1
инструментами,1
хирургическая,1
честность,1
устроить,1
честную,1
хватает,1
веры,1
приказывать,1
запрещать,1
настаивать,1
положительно,1
обет,1
возвышать,1
голоса,1
повелительного,1
наклонения,1
принеси,1
нерешительно,1
покашливает,1
кухарке,1
перестал,1
красть,1
упразднить,1
паразитную,1
обманывают,1
льстят,1
подносят,1
подписи,1
заведомо,1
подлый,1
краснеет,1
рак,1
виноватым,1
подписывает,1
жалуются,1
голод,1
грубых,1
конфузится,1
бормочет,1
разберу,1
усердно,1
принимал,1
ежедневно,1
акушерской,1
практикой,1
дамы,1
внимателен,1
угадывает,1
особенно,1
детские,1
женские,1
заметно,1
прискучило,1
однообразием,1
очевидною,1
бесполезностью,1
примешь,1
глядишь,1
привалило,1
послезавтра,1
сорок,1
уменьшается,1
перестают,1
оказать,1
серьезную,1
сорока,1
приходящим,1
поневоле,1
принято,1
приходящих,1
рассуждая,1
класть,1
серьезных,1
педантически,1
следовать,1
прочие,1
вентиляция,1
грязь,1
вонючей,1
помощники,1
воры,1
нормальный,1
законный,1
торгаш,1
проживет,1
лишних,1
облегчают,1
напрашивается,1
ведут,1
совершенству,1
научится,1
пилюлями,1
каплями,1
забросит,1
религию,1
находило,1
защиту,1
бед,1
пушкин,1
испытывал,1
мучения,1
бедняжка,1
гейне,1
параличе,1
поболеть,1
какому-нибудь,1
матрене,1
саввишне,1
бессодержательна,1
пуста,1
похожа,1
амебы,1
подавляемый,1
такими,1
рассуждениями,1
опустил,1
vi,1
проходит,1
темном,1
коридорчике,1
амбулаторные,1
ожидающие,1
сапогами,1
кирпичному,1
бегают,1
проходят,1
тощие,1
проносят,1
мертвецов,1
посуду,1
нечистотами,1
плачут,1
дует,1
сквозной,1
ветер,1
лихорадящих,1
чахоточных,1
впечатлительных,1
обстановка,1
мучительна,1
поделаешь,1
встречает,1
бритым,1
чисто,1
вымытым,1
пухлым,1
мягкими,1
плавными,1
манерами,1
просторном,1
похожий,1
сенатора,1
громадную,1
практику,1
носит,1
галстук,1
сведущим,1
углу,1
киоте,1
тяжелою,1
лампадой,1
ставник,1
белом,1
чехле,1
висят,1
архиереев,1
святогорского,1
монастыря,1
венки,1
сухих,1
васильков,1
религиозен,1
благолепие,1
поставлен,1
иждивением,1
приказанию,1
вслух,1
акафист,1
кадильницей,1
кадит,1
ладаном,1
ограничивается,1
коротким,1
опросом,1
выдачей,1
летучей,1
мази,1
касторки,1
щеку,1
потирает,1
ручки,1
вмешивается,1
болеем,1
нужду,1
терпим,1
господу,1
милосердному,1
плохо,1
молимся,1
операций,1
отвык,1
неприятно,1
приходится,1
раскрывать,1
ребенку,1
заглянуть,1
ребенок,1
защищается,1
ручонками,1
шума,1
кружится,1
выступают,1
торопится,1
прописать,1
лекарство,1
машет,1
поскорее,1
унесла,1
ребенка,1
приемке,1
прискучают,1
робость,1
бестолковость,1
близость,1
благолепного,1
сергеича,1
собственные,1
неизменно,1
пять-шесть,1
приятною,1
мыслью,1
частной,1
помешает,1
немедленно,1
большим,1
удовольствием,1
половина,1
жалованья,1
покупку,1
шести,1
комнат,1
завалены,1
книгами,1
старыми,1
журналами,1
сочинения,1
истории,1
выписывает,1
врача,1
конца,1
продолжается,1
перерыва,1
нескольку,1
утомляет,1
порывисто,1
проникновением,1
нравятся,1
непонятны,1
графинчик,1
водкой,1
соленый,1
моченое,1
яблоко,1
сукне,1
тарелки,1
каждые,1
отрывая,1
наливает,1
рюмку,1
выпивает,1
нащупывает,1
откусывает,1
кусочек,1
осторожно,1
кухонной,1
кашляет,1
плохого,1
неопрятного,1
скрестив,1
поскрипывает,1
кухонная,1
показывается,1
заспанное,1
озабоченно,1
вечеру,1
единственный,1
тягостно,1
помещиком,1
кавалерии,1
разорился,1
нужды,1
старость,1
почтовое,1
ведомство,1
роскошные,1
седые,1
благовоспитанные,1
манеры,1
громкий,1
вспыльчив,1
посетителей,1
протестует,1
багровеет,1
трясется,1
громовым,1
почтовым,1
отделением,1
установилась,1
репутация,1
учреждения,1
бывать,1
уважает,1
прочим,1
обывателям,1
относится,1
свысока,1
подчиненным,1
надоел,1
садятся,1
некоторое,1
курят,1
бутылку,1
выпивают,1
веселым,1
оживленным,1
рассказать,1
интересное,1
нашем,1
умели,1
интересную,1
беседу,1
лишение,1
возвышается,1
пошлостью,1
уровень,1
развития,1
низшего,1
сословия,1
согласен,1
изволите,1
расстановкой,1
незначительно,1
неинтересно,1
духовных,1
проявлений,1
резкую,1
грань,1
животными,1
намекает,1
божественность,1
последнего,1
некоторой,1
заменяет,1
исходя,1
служит,1
единственно,1
возможным,1
источником,1
слышим,1
лишены,1
живая,1
общение,1
позволите,1
удачное,1
сравнение,1
ноты,1
наступает,1
молчание,1
кулачком,1
захотели,1
нынешних,1
рассказывает,1
жилось,1
здорово,1
умная,1
высоко,1
ставила,1
чести,1
дружбе,1
давали,1
взаймы,1
векселя,1
считалось,1
позором,1
протянуть,1
нуждающемуся,1
товарищу,1
походы,1
приключения,1
стычки,1
товарищи,1
удивительный,1
край,1
жена,1
надевала,1
офицерское,1
уезжала,1
проводника,1
аулах,1
роман,1
князьком,1
царица,1
небесная,1
матушка,1
ели,1
отчаянные,1
либералы,1
слышит,1
прихлебывает,1
снятся,1
беседы,1
перебивая,1
прекрасное,1
шестидесятых,1
годов,1
заставил,1
сделаться,1
врачом,1
б,1
послушался,1
находился,1
центре,1
движения,1
членом,1
факультета,1
вечен,1
преходящ,1
питаю,1
досадная,1
ловушка,1
достигает,1
возмужалости,1
зрелое,1
ловушке,1
вызван,1
какими-то,1
случайностями,1
узнать,1
нелепости,1
стучится,1
отворяют,1
связанные,1
общим,1
несчастьем,1
чувствуют,1
легче,1
замечаешь,1
ловушки,1
склонные,1
анализу,1
проводят,1
гордых,1
свободных,1
смысле,1
наслаждение,1
незаменимое,1
паузами,1
умных,1
беседах,1
основания,1
сомневаюсь,1
умру,1
ой,1
хрен,1
какой-то,1
голосочек,1
верь,1
умрешь,1
десятого,1
надевая,1
шубу,1
какую,1
глушь,1
занесла,1
судьба,1
досаднее,1
vii,1
проводив,1
тишина,1
нарушается,1
замирает,1
книгой,1
существует,1
лампы,1
зеленым,1
колпаком,1
мужицкое,1
мало-помалу,1
озаряется,1
умиления,1
восторга,1
движениями,1
бессмертен,1
мозговые,1
центры,1
извилины,1
зрение,1
самочувствие,1
гений,1
суждено,1
почву,1
корой,1
смысла,1
цели,1
извлекать,1
высоким,1
божеским,1
умом,1
насмешку,1
превращать,1
обмен,1
трусость,1
суррогатом,1
бессознательные,1
процессы,1
происходящие,1
воля,1
процессах,1
ровно,1
трус,1
достоинства,1
траве,1
камне,1
жабе,1
пророчить,1
блестящую,1
будущность,1
футляру,1
негодною,1
дорогая,1
скрипка,1
откидывается,1
спинку,1
кресла,1
закрывает,1
немножко,1
невзначай,1
хороших,1
вычитанных,1
бросает,1
взгляд,1
настоящее,1
прошлом,1
носятся,1
охлажденною,1
докторской,1
квартирой,1
большом,1
томятся,1
болезнях,1
нечистоте,1
воюет,1
насекомыми,1
заражается,1
рожей,1
стонет,1
туго,1
положенной,1
повязки,1
играют,1
сиделками,1
построено,1
воровстве,1
дрязгах,1
сплетнях,1
кумовстве,1
грубом,1
шарлатанстве,1
представляет,1
колотит,1
собирает,1
милостыню,1
известно,1
медициной,1
произошла,1
сказочная,1
перемена,1
постигнет,1
участь,1
алхимии,1
метафизики,1
трогает,1
возбуждает,1
удивление,1
восторг,1
неожиданный,1
революция,1
антисептике,1
делают,1
пирогов,1
невозможными,1
in,1
spe,1
обыкновенные,1
земские,1
решаются,1
производить,1
резекцию,1
коленного,1
сустава,1
чревосечений,1
смертный,1
каменная,1
считается,1
пустяком,1
радикально,1
излечивается,1
сифилис,1
теория,1
наследственности,1
гипнотизм,1
пастера,1
коха,1
гигиена,1
статистикой,1
наша,1
русская,1
земская,1
психиатрия,1
теперешнею,1
классификацией,1
методами,1
распознавания,1
лечения,1
сравнении,1
эльборус,1
помешанным,1
льют,1
холодную,1
надевают,1
горячечных,1
рубах,1
содержат,1
теперешних,1
взглядах,1
вкусах,1
двухстах,1
гласные,1
полуграмотные,1
видящие,1
враче,1
жреца,1
критики,1
вливал,1
расплавленное,1
олово,1
расхватали,1
клочья,1
маленькую,1
бастилию,1
открывая,1
антисептика,1
кох,1
пастер,1
изменилась,1
болезненность,1
выпускают,1
лучшею,1
венскою,1
клиникой,1
моею,1
больницей,1
скорбь,1
похожее,1
зависть,1
мешают,1
утомления,1
склоняется,1
книге,1
кладет,1
мягче,1
служу,1
вредному,1
получаю,1
обманываю,1
нечестен,1
частица,1
необходимого,1
социального,1
зла,1
уездные,1
чиновники,1
вредны,1
даром,1
нечестности,1
родись,1
двумя,1
стами,1
позже,1
тушит,1
лампу,1
спальню,1
viii,1
расщедрилось,1
постановило,1
выдавать,1
триста,1
ежегодно,1
качестве,1
усиление,1
медицинского,1
персонала,1
впредь,1
земской,1
приглашен,1
городом,1
уездный,1
брюнет,1
широкими,1
скулами,1
маленькими,1
глазками,1
предки,1
инородцами,1
гроша,1
небольшим,1
чемоданчиком,1
молодою,1
некрасивою,1
женщиной,1
грудной,1
младенец,1
козырьком,1
сергеем,1
сергеичем,1
казначеем,1
чиновников,1
аристократами,1
сторонится,1
книга,1
новейшие,1
рецепты,1
венской,1
клиники,1
1881,1
г,1
больному,1
книжку,1
бильярд,1
карт,1
охотник,1
разговоре,1
мантифолия,1
уксусом,1
т,1
приемку,1
совершенное,1
отсутствие,1
антисептики,1
кровососные,1
возмущают,1
порядков,1
вводит,1
боясь,1
оскорбить,1
старым,1
плутом,1
подозревает,1
большие,1
втайне,1
завидует,1
охотно,1
занял,1
ix,1
весенних,1
вечеров,1
снега,1
пели,1
скворцы,1
возвращавшийся,1
добычи,1
мелких,1
калошах,1
босую,1
ногу,1
руках,1
держал,1
мешочек,1
милостыней,1
умел,1
отказывать,1
гривенник,1
босые,1
тощими,1
щиколотками,1
мокро,1
побуждаемый,1
чувством,1
похожим,1
жалость,1
брезгливость,1
евреем,1
поглядывая,1
лысину,1
щиколотки,1
входе,1
здравствуй,1
еврею,1
простудится,1
доложу,1
пожалуйста,1
попроси,1
моего,1
имени,1
отворена,1
приподнявшись,1
локоть,1
прислушивался,1
голосу,1
узнал,1
затрясся,1
красным,1
навыкате,1
выбежал,1
середину,1
наконец-то,1
господа,1
поздравляю,1
удостаивает,1
визитом,1
гадина,1
взвизгнул,1
исступлении,1
топнул,1
ногой,1
гадину,1
утопить,1
отхожем,1
слышавший,1
выглянул,1
подходя,1
угрожающим,1
делая,1
плюнуть,1
шарлатан,1
палач,1
крал,1
остальном,1
преувеличиваете,1
вижу,1
хладнокровно,1
держите,1
больны,1
десятки,1
сотни,1
гуляют,1
свободе,1
способно,1
отличить,1
здоровых,1
несчастные,1
козлы,1
отпущения,1
больничная,1
сволочь,1
нравственном,1
неизмеримо,1
сидим,1
нравственное,1
зависит,1
случая,1
гуляет,1
душевнобольной,1
нравственности,1
логики,1
случайность,1
ерунды,1
глухо,1
постеснялся,1
обыскивать,1
разложил,1
кусочки,1
бумажки,1
косточки,1
певуче,1
заговорил,1
по-еврейски,1
вообразил,1
открыл,1
лавочку,1
отпустите,1
дрогнул,1
власти,1
посудите,1
польза,1
отпущу,1
полиция,1
вернут,1
гримасами,1
захотелось,1
приласкать,1
молодого,1
успокоить,1
спрашиваете,1
вашем,1
сожалению,1
ограждает,1
преступников,1
психических,1
неудобных,1
непобедимо,1
успокоиться,1
пребывание,1
существуют,1
далеком,1
закончат,1
существование,1
окнах,1
настанет,1
улыбнулся,1
шутите,1
господам,1
помощник,1
будущего,1
уверены,1
милостивый,1
государь,1
настанут,1
лучшие,1
времена,1
пусть,1
выражаюсь,1
смейтесь,1
воссияет,1
нашей,1
дождусь,1
издохну,1
чьи-нибудь,1
правнуки,1
дождутся,1
приветствую,1
помогай,1
друзья,1
протягивая,1
волнением,1
благословляю,1
здравствует,1
нахожу,1
особенной,1
причины,1
радоваться,1
театральным,1
тюрем,1
домов,1
выразиться,1
изменится,1
законы,1
останутся,1
болеть,1
стариться,1
великолепная,1
заколотят,1
гроб,1
бросят,1
э,1
полноте,1
достоевского,1
вольтера,1
выдумали,1
изобретет,1
человеческий,1
веруете,1
верой,1
припеваючи,1
замуравленному,1
где-нибудь,1
находить,1
успокоение,1
свободное,1
стремится,1
полное,1
глупой,1
суете,1
блага,1
обладать,1
счастливее,1
царей,1
земных,1
болван,1
диогена,1
мания,1
постоянный,1
мучительный,1
охватывает,1
жажда,1
боюсь,1
сойти,1
волнении,1
понизив,1
мечтаю,1
посещают,1
призраки,1
какие-то,1
слышу,1
музыку,1
гуляю,1
лесам,1
берегу,1
моря,1
суеты,1
заботы,1
желаете,1
расскажите,1
томительно,1
некого,1
хам,1
некультурный,1
наших,1
столицах,1
застоя,1
настоящие,1
оттуда,1
присылают,1
журналах,1
границей,1
замечается,1
направление,1
задавал,1
вспомнив,1
ужасное,1
хватил,1
услышите,1
дьявола,1
проходя,1
убрать,1
тяжелый,1
живу,1
которым,1
интересуется,1
читая,1
иване,1
дмитриче,1
проснувшись,1
познакомился,1
интересным,1
первой,1
х,1
позе,1
обхватив,1
спите,1
хлопочете,1
добьетесь,1
беседовали,1
мирно,1
обиделись,1
оборвали,1
выразился,1
неловко,1
высказал,1
согласную,1
вашими,1
убеждениями,1
поверю,1
приподнимаясь,1
красны,1
шпионить,1
пытать,1
приходили,1
фантазия,1
полагаете,1
испытание,1
ах,1
чудак,1
табурет,1
укоризненно,1
правы,1
предательски,1
ловлю,1
слове,1
полиции,1
арестуют,1
судят,1
суде,1
сошлют,1
поселение,1
каторгу,1
бояться,1
видимо,1
подействовали,1
ясная,1
погода,1
зашел,1
весна,1
март,1
грязно,1
тропинки,1
проехаться,1
коляске,1
куда-нибудь,1
красные,1
вернуться,1
уютный,1
кабинет,1
полечиться,1
порядочного,1
головной,1
вчерашнего,1
возбуждения,1
утомлен,1
вял,1
неохотно,1
обыкновенный,1
извне,1
коляски,1
кабинета,1
проповедуйте,1
греции,1
тепло,1
пахнет,1
померанцем,1
климату,1
диогене,1
нуждался,1
теплом,1
помещении,1
жарко,1
лежи,1
кушай,1
апельсины,1
оливки,1
доведись,1
декабре,1
мае,1
запросился,1
скрючило,1
холод,1
марк,1
аврелий,1
живое,1
сделай,1
усилие,1
откинь,1
перестань,1
жаловаться,1
исчезнет,1
справедливо,1
отличается,1
презирает,1
доволен,1
удивляется,1
идиот,1
страдаю,1
недоволен,1
удивляюсь,1
почаще,1
вдумываться,1
поймете,1
ничтожно,1
стремиться,1
поморщился,1
сердито,1
создал,1
теплой,1
нервов,1
да-с,1
органическая,1
ткань,1
жизнеспособна,1
должна,1
реагировать,1
реагирую,1
отвечаю,1
подлость,1
негодованием,1
по-моему,1
называется,1
жизнью,1
организм,1
менее,1
слабее,1
восприимчивее,1
энергичнее,1
реагирует,1
пустяков,1
довольным,1
дойти,1
этакого,1
заплывшего,1
закалить,1
страданиями,1
потерять,1
чувствительность,1
другими,1
словами,1
перестать,1
рассуждаете,1
стоики,1
пародируете,1
замечательные,1
застыло,1
подвинулось,1
двигаться,1
практично,1
жизненно,1
успех,1
меньшинства,1
штудировании,1
смаковании,1
учений,1
понимало,1
проповедующее,1
богатству,1
удобствам,1
громадного,1
большинства,1
знало,1
богатства,1
удобств,1
значило,1
самую,1
существо,1
состоит,1
ощущений,1
голода,1
обид,1
потерь,1
гамлетовского,1
ощущениях,1
ею,1
тяготиться,1
ненавидеть,1
иметь,1
будущности,1
прогрессируют,1
начала,1
века,1
борьба,1
чуткость,1
потерял,1
нить,1
досадливо,1
сбился,1
продал,1
рабство,1
выкупить,1
стоик,1
реагировал,1
великодушного,1
акта,1
уничтожение,1
ради,1
возмущенная,1
сострадающая,1
душа,1
забыл,1
учил,1
христа,1
взять,1
христос,1
отвечал,1
печалился,1
гневался,1
тосковал,1
навстречу,1
презирал,1
гефсиманском,1
миновала,1
чаша,1
сия,1
вы-то,1
каком,1
основании,1
проповедуете,1
проповедовать,1
уразумения,1
презрения,1
прочее,1
компетентным,1
когда-нибудь,1
имеете,1
понятие,1
страданиях,1
детстве,1
секли,1
мои,1
родители,1
питали,1
телесным,1
наказаниям,1
порол,1
жестоко,1
крутой,1
геморроидальный,1
длинным,1
носом,1
желтою,1
шеей,1
запугивал,1
забивал,1
здоровы,1
бык,1
росли,1
крылышком,1
отца,1
учились,1
захватили,1
синекуру,1
бесплатной,1
отоплением,1
освещением,1
прислугой,1
имея,1
притом,1
работать,1
угодно,1
ленивый,1
рыхлый,1
старались,1
складывать,1
беспокоило,1
двигало,1
сдали,1
фельдшеру,1
прочей,1
сволочи,1
тепле,1
тишине,1
копили,1
книжки,1
почитывали,1
услаждали,1
размышлениями,1
разной,1
возвышенной,1
чепухе,1
выпивахом,1
теоретически,1
удивляетесь,1
простой,1
причине,1
самая,1
подходящая,1
российского,1
лежебока,1
жену,1
вступаться,1
пускай,1
помрут,1
бьющий,1
оскорбляет,1
побоями,1
пьянствовать,1
глупо,1
неприлично,1
болят,1
проживешь,1
помрем,1
ступай,1
прочь,1
мешай,1
ответить,1
задумался,1
стремись,1
фантастическое,1
ответа,1
держат,1
решеткой,1
гноят,1
истязуют,1
удобная,1
чиста,1
мудрецом,1
сударь,1
широта,1
взгляда,1
лень,1
факирство,1
одурь,1
прищеми,1
палец,1
заорете,1
заору,1
кротко,1
трахнул,1
паралич,1
дурак,1
наглец,1
пользуясь,1
положением,1
чином,1
оскорбил,1
публично,1
пройдет,1
безнаказанно,1
поняли,1
отсылать,1
оригинально,1
смеясь,1
поражает,1
характеристика,1
блестяща,1
доставляет,1
ну-с,1
выслушал,1
благоволите,1
выслушать,1
xi,1
продолжался,1
произвел,1
вечерняя,1
темнота,1
заставала,1
иваном,1
дмитричем,1
дичился,1
злом,1
умысле,1
выражал,1
неприязнь,1
привык,1
резкое,1
обращение,1
сменил,1
снисходительно-ироническое,1
просиживал,1
часам,1
разговаривал,1
прописывал,1
рецептов,1
поступки,1
странными,1
заставал,1
смущена,1
определенное,1
запаздывал,1
обеду,1
июня,1
застав,1
искать,1
сказали,1
душевнобольным,1
войдя,1
остановившись,1
услышал,1
споемся,1
обратить,1
удастся,1
пьяница,1
кормились,1
чужих,1
страданий,1
страдал,1
непрерывно,1
рождения,1
поэтому,1
считаю,1
компетентнее,1
отношениях,1
he,1
учить,1
претензии,1
обращать,1
сожалением,1
радости,1
преходящи,1
оставим,1
мыслим,1
друге,1
способны,1
солидарными,1
различны,1
наши,1
взгляды,1
надоели,1
всеобщее,1
безумие,1
бездарность,1
тупость,1
какою,1
радостью,1
беседую,1
умный,1
наслаждаюсь,1
вершок,1
гримасничал,1
запахивался,1
опустив,1
беспомощное,1
переглянулся,1
никитой,1
стояли,1
подслушивали,1
дед,1
сдрейфил,1
выходя,1
помилуй,1
грешных,1
благолепный,1
старательно,1
обходя,1
лужицы,1
запачкать,1
ярко,1
вычищенных,1
xii,1
замечать,1
таинственность,1
вопросительно,1
взглядывали,1
шептались,1
девочка,1
маша,1
дочь,1
встречать,1
подходил,1
погладить,1
головке,1
убегала,1
слушая,1
непонятном,1
бормотал,1
задумчиво,1
печально,1
советовать,1
намеками,1
отличного,1
полкового,1
священника,1
славного,1
малого,1
выздоровели,1
два-три,1
советовал,1
спиртные,1
напитки,1
видимого,1
рекомендовал,1
принимать,1
бромистый,1
калий,1
августе,1
городского,1
просьбой,1
важному,1
назначенное,1
управу,1
застал,1
воинского,1
начальника,1
штатного,1
уездного,1
училища,1
члена,1
какого-то,1
господина,1
представили,1
польскою,1
выговариваемою,1
фамилией,1
конском,1
проездом,1
заявленьице,1
части-с,1
поздоровались,1
сели,1
аптеке,1
тесновато,1
главном,1
главная,1
причина,1
ремонту,1
захочет,1
ремонта,1
обойтись,1
угловой,1
приспособить,1
аптеки,1
понадобится,1
minimum,1
расход,1
непроизводительный,1
тихим,1
виде,1
является,1
роскошью,1
средствам,1
строилась,1
сороковых,1
годах,1
затрачивает,1
ненужные,1
постройки,1
лишние,1
должности,1
порядках,1
образцовые,1
давайте,1
заводить,1
порядки,1
живо,1
медицинскую,1
часть,1
ведение,1
земству,1
водится,1
согласился,1
вяло,1
тускло,1
справедливым,1
подали,1
смущенный,1
монах,1
играете,1
любите,1
нашим,1
братом,1
заговорили,1
порядочному,1
театра,1
музыки,1
последнем,1
танцевальном,1
вечере,1
дам,1
кавалера,1
молодежь,1
танцует,1
толпится,1
буфета,1
тратят,1
жизненную,1
энергию,1
умеют,1
интересной,1
чтении,1
пользоваться,1
наслаждениями,1
интересен,1
замечателен,1
остальное,1
мелко,1
низменно,1
число,1
получив,1
экзаменаторов,1
чувствующих,1
неумелость,1
стали,1
спрашивать,1
дней,1
живет,1
пророк,1
интересный,1
вопросов,1
надевал,1
положил,1
плечо,1
отдых,1
выйдя,1
комиссия,1
назначенная,1
освидетельствования,1
умственных,1
способностей,1
вспоминая,1
исследовали,1
слушали,1
психиатрию,1
экзамен,1
откуда,1
круглое,1
психиатрии,1
оскорбленным,1
рассерженным,1
здороваясь,1
подошел,1
обе,1
взволнованным,1
мое,1
расположение,1
мешая,1
волнуясь,1
слушайте,1
обязывают,1
докторов,1
скрывать,1
по-военному,1
режу,1
правду-матку,1
нездоровы,1
заметили,1
окружающие,1
пользы,1
вашего,1
развлечься,1
беру,1
уезжаю,1
понюхать,1
воздуха,1
тряхнем,1
стариной,1
чувствую,1
доказать,1
дружбу,1
куда-то,1
нарушить,1
установившийся,1
идея,1
показалась,1
дикою,1
фантастическою,1
управе,1
тяжелое,1
испытал,1
уехать,1
ненадолго,1
считают,1
улыбнулась,1
намерены,1
москву,1
петербург,1
варшаве,1
xiii,1
предложили,1
подать,1
отставку,1
почтовом,1
ближайшую,1
железнодорожную,1
станцию,1
прохладные,1
ясные,1
голубым,1
небом,1
прозрачною,1
далью,1
станции,1
проехали,1
двое,1
суток,1
пути,1
ночевали,1
почтовых,1
станциях,1
подавали,1
вымытые,1
стаканы,1
запрягали,1
лошадей,1
багровел,1
трясся,1
сидя,1
переставая,1
рассказывал,1
поездках,1
кавказу,1
царству,1
польскому,1
приключений,1
встречи,1
удивленные,1
лгал,1
вдобавок,1
дышал,1
ухо,1
стесняло,1
мешало,1
экономии,1
классе,1
вагоне,1
некурящих,1
чистая,1
перезнакомился,1
переходя,1
скамьи,1
скамье,1
ездить,1
возмутительным,1
дорогам,1
мошенничество,1
коне,1
отмахаешь,1
свежим,1
неурожаи,1
осушили,1
пинские,1
болота,1
горячился,1
давал,1
бесконечная,1
вперемежку,1
громким,1
хохотом,1
выразительными,1
жестами,1
обоих,1
стараюсь,1
обеспокоить,1
пассажиров,1
эгоист,1
покоя,1
военный,1
сюртук,1
погонов,1
кантами,1
военной,1
шинели,1
отдавали,1
барского,1
промотал,1
оставил,1
дурное,1
услуживали,1
лежали,1
горничной,1
стеснялся,1
нижнем,1
лакеям,1
разбора,1
осердившись,1
величал,1
болванами,1
дураками,1
барственно,1
повел,1
иверской,1
земными,1
поклонами,1
веришь,1
покойнее,1
помолишься,1
приложитесь,1
сконфузился,1
приложился,1
образу,1
вытянул,1
шепотом,1
навернулись,1
пошли,1
кремль,1
посмотрели,1
царь-пушку,1
царь-колокол,1
пальцами,1
потрогали,1
полюбовались,1
замоскворечье,1
побывали,1
храме,1
спасителя,1
румянцевском,1
музее,1
обедали,1
тестова,1
меню,1
разглаживая,1
гурмана,1
привыкшего,1
ресторанах,1
покормите,1
xiv,1
досада,1
отпускать,1
шаг,1
доставлять,1
развлечений,1
смотреть,1
терпел,1
объявил,1
таком,1
случае,1
этак,1
ног,1
франция,1
разобьет,1
германию,1
мошенников,1
наружному,1
виду,1
лошади,1
судить,1
достоинствах,1
начались,1
шум,1
сердцебиение,1
попросить,1
помолчать,1
решался,1
счастью,1
наскучило,1
номере,1
оставшись,1
предался,1
чувству,1
отдыха,1
лежать,1
невозможно,1
падший,1
изменил,1
захотел,1
знают,1
ангелы,1
слышал,1
великодушия,1
дружеская,1
опека,1
великодушен,1
весельчак,1
следующие,1
сказывался,1
дивана,1
отдыхал,1
отсутствовал,1
досадовал,1
каждым,1
становился,1
болтливее,1
развязнее,1
настроить,1
серьезный,1
возвышенный,1
лад,1
удавалось,1
пробирает,1
сердясь,1
мелочность,1
приеду,1
по-старому,1
дням,1
выпить,1
торопил,1
поеду,1
умоляющим,1
поезжайте,1
каким,1
протестовал,1
хватило,1
настоять,1
скрепя,1
злился,1
лакеев,1
упорно,1
отказывались,1
понимать,1
по-русски,1
веселый,1
гулял,1
разыскивал,1
знакомых,1
ночевал,1
проведенной,1
возбужденном,1
непричесанный,1
бормоча,1
походив,1
трагическим,1
будь,1
проклята,1
минута,1
впервые,1
вавилон,1
презирайте,1
проигрался,1
отсчитал,1
отдал,1
багровый,1
бессвязно,1
клятву,1
фуражку,1
вернувшись,1
кресло,1
спасена,1
желаю,1
проклятом,1
мошенники,1
австрийские,1
шпионы,1
вернулись,1
ноябрь,1
глубокий,1
старой,1
ожидании,1
при-едет,1
очистит,1
больничную,1
называл,1
жила,1
ходили,1
поссорилась,1
смотрителем,1
ползал,1
нею,1
коленях,1
прося,1
прощения,1
приезде,1
отыскивать,1
робко,1
нескромный,1
какими,1
средствами,1
располагаете,1
сосчитал,1
поняв,1
благородным,1
капитал,1
узнав,1
нищий,1
нечем,1
заплакал,1
обнял,1
xv,1
трехоконном,1
считая,1
окнами,1
третьей,1
мещанка,1
детьми,1
любовник,1
пьяный,1
бушевавший,1
наводивший,1
дарьюшку,1
ужас,1
усевшись,1
требовать,1
тесно,1
жалости,1
брал,1
плачущих,1
укладывал,1
доставляло,1
большое,1
садился,1
перемены,1
обстановки,1
захватывало,1
утомляло,1
праздности,1
составлял,1
подробный,1
каталог,1
приклеивал,1
корешкам,1
билетики,1
механическая,1
казалась,1
однообразная,1
непонятным,1
убаюкивала,1
проходило,1
чистить,1
дарьюшкой,1
выбирать,1
сор,1
гречневой,1
крупы,1
субботам,1
церковь,1
религиях,1
уходя,1
церкви,1
жалел,1
кончилась,1
зол,1
проклятых,1
подлых,1
награды,1
одиночного,1
заключения,1
отказывают,1
прощался,1
желал,1
покойной,1
огрызался,1
послеобеденное,1
вечернего,1
чая,1
предавался,1
мелочным,1
мыслям,1
побороть,1
двадцатилетнюю,1
службу,1
пенсии,1
единовременного,1
нечестно,1
пенсию,1
служащие,1
различия,1
честны,1
современная,1
заключается,1
чинами,1
пенсиями,1
награждаются,1
нравственные,1
качества,1
способности,1
составлять,1
проходить,1
лавочки,1
глядеть,1
рубля,1
мещанке,1
продает,1
платья,1
лжет,1
получит,1
сердился,1
истратил,1
путешествие,1
тысячу,1
скоплена,1
пригодилась,1
тысяча,1
досадно,1
больного,1
сытое,1
дурной,1
снисходительный,1
тон,1
высокие,1
противное,1
обязанностью,1
лечить,1
лечит,1
посещение,1
приносил,1
пилюли,1
ревеня,1
развлекать,1
напускною,1
развязностью,1
принужденно,1
выглядит,1
поправку,1
заключить,1
положение,1
безнадежным,1
выплатил,1
варшавского,1
долга,1
удручен,1
тяжелым,1
стыдом,1
старался,1
хохотать,1
громче,1
смешнее,1
анекдоты,1
рассказы,1
бесконечными,1
мучительны,1
ложился,1
пластами,1
ложилась,1
посещения,1
становится,1
заглушить,1
мелочные,1
спешил,1
погибнуть,1
оставив,1
отпечатка,1
вообразить,1
земного,1
шара,1
пролетит,1
пространстве,1
голые,1
утесы,1
культура,1
нравственный,1
закон,1
пропадет,1
лопухом,1
вырастет,1
значат,1
стыд,1
лавочником,1
ничтожный,1
дружба,1
пустяки,1
рассуждения,1
помогали,1
воображал,1
шар,1
голого,1
утеса,1
показывался,1
напряженно,1
хохочущий,1
слышался,1
стыдливый,1
шепот,1
варшавский,1
долг,1
возвращу,1
xvi,1
уперся,1
цвет,1
ей-богу,1
поправляться,1
зевая,1
самим,1
поправимся,1
так-тось,1
утешал,1
унывайте,1
похлопал,1
колену,1
будущим,1
летом,1
махнем,1
объедем,1
кавказа,1
вернемся,1
гляди,1
доброго,1
свадьбе,1
гулять,1
подмигнул,1
дружка,1
милого,1
забилось,1
отходя,1
понимаете,1
пошлости,1
продолжать,1
вежливо,1
сжал,1
багровея,1
встали,1
уставились,1
недоумением,1
кричать,1
твоих,1
лекарств,1
гадость,1
растерянно,1
переглядываясь,1
попятились,1
вышли,1
швырнул,1
склянка,1
звоном,1
порог,1
убирайтесь,1
плачущим,1
выбегая,1
уходе,1
гостей,1
лихорадке,1
повторял,1
успокоился,1
бедному,1
подобного,1
такт,1
философское,1
уснуть,1
досады,1
почтовую,1
контору,1
извинился,1
почтмейстером,1
растроганный,1
крепко,1
помянет,1
любавкин,1
почтальоны,1
посетители,1
вздрогнули,1
подай,1
стул,1
подожди,1
бабе,1
протягивала,1
заказное,1
видишь,1
занят,1
нежно,1
обращаясь,1
садитесь,1
покорнейше,1
поглаживал,1
колени,1
мыслях,1
обижаться,1
брат,1
припадок,1
испугал,1
заняться,1
болезнью,1
дружескую,1
откровенность,1
живете,1
неблагоприятной,1
теснота,1
нечистота,1
ухода,1
умоляем,1
послушайтесь,1
нашего,1
уход,1
лечение,1
моветон,1
нами,1
сведущий,1
вполне,1
положиться,1
займется,1
тронут,1
участием,1
заблестели,1
прикладывая,1
сердцу,1
нашел,1
умного,1
слушаться,1
извольте,1
даю,1
моих,1
клонится,1
погибели,1
погибаю,1
мужество,1
редкий,1
испытывает,1
y,1
плохих,1
почек,1
увеличенного,1
сердца,1
станете,1
обратят,1
внимание,1
знайте,1
попали,1
выйдете,1
стараться,1
заблудитесь,1
сдавайтесь,1
никакие,1
человеческие,1
усилия,1
спасут,1
толпилась,1
прощаться,1
честное,1
проводил,1
наружной,1
приглашать,1
консилиум,1
развлечь,1
прогулкой,1
заработать,1
оделся,1
случаю,1
загладить,1
вчерашнюю,1
вину,1
помириться,1
благодарил,1
заикнулся,1
вчерашнем,1
щадил,1
некультурного,1
ожидать,1
показать,1
интереснейший,1
обойдя,1
главный,1
корпус,1
направились,1
помещались,1
умалишенные,1
осложнение,1
легких,1
вполголоса,1
андреем,1
ефимычем,1
схожу,1
стетоскопом,1
xvii,1
смеркалось,1
уткнувшись,1
паралитик,1
шевелил,1
губами,1
прошло,1
вместо,1
вошел,1
держа,1
охапке,1
чье-то,1
туфли,1
одеваться,1
постелька,1
добавил,1
указывая,1
пустую,1
принесенную,1
перешел,1
разделся,1
догола,1
кальсоны,1
коротки,1
рубаха,1
длинна,1
халата,1
пахло,1
рыбою,1
забрал,1
охапку,1
затворил,1
стыдливо,1
чувствуя,1
похож,1
фрак,1
мундир,1
записная,1
книжка,1
боковом,1
кармане,1
папиросы,1
унес,1
пожалуй,1
надевать,1
брюк,1
жилета,1
убежден,1
домом,1
холодели,1
жутко,1
встанет,1
халате,1
надоело,1
прожить,1
посмотреть,1
окно,1
истукан,1
вытер,1
рукавом,1
лба,1
запахло,1
рыбой,1
разводя,1
объясниться,1
проснулся,1
подпер,1
щеки,1
лениво,1
сонное,1
насмешливым,1
ага,1
засадили,1
пугаясь,1
слов,1
проворчал,1
кончится,1
наградой,1
апофеозом,1
опере,1
потащут,1
мертвого,1
подвал,1
брр,1
света,1
буду,1
являться,1
тенью,1
пугать,1
гадин,1
поседеть,1
заставлю,1
увидев,1
протянул,1
xviii,1
отошел,1
горизонте,1
восходила,1
холодная,1
багровая,1
недалеко,1
забора,1
ста,1
саженях,1
стоял,1
обнесенный,1
каменною,1
стеной,1
страшны,1
заборе,1
далекий,1
пламень,1
костопальном,1
сзади,1
послышался,1
вздох,1
оглянулся,1
увидел,1
звездами,1
подмигивал,1
страшным,1
луне,1
особенного,1
психически,1
здоровые,1
носят,1
ордена,1
сгниет,1
обратится,1
отчаяние,1
овладело,1
силы,1
потряс,1
крепкая,1
решетка,1
поддалась,1
утирая,1
пофилософствуйте,1
философствуют,1
мелюзга,1
философствования,1
вреда,1
заплакать,1
разжалобить,1
злорадный,1
смех,1
философствовать,1
мелюзге,1
удовлетворена,1
умному,1
образованному,1
гордому,1
свободолюбивому,1
подобию,1
божию,1
лекарем,1
грязный,1
глупый,1
городишко,1
пиявки,1
горчишники,1
шарлатанство,1
узость,1
болтаете,1
лекаря,1
шли,1
министры,1
равнодушен,1
бодро,1
здраво,1
стоило,1
прикоснуться,1
прострация,1
дрянные,1
умны,1
благородны,1
молоком,1
всосали,1
благие,1
порывы,1
вступили,1
утомились,1
неотвязчивое,1
обиды,1
томило,1
наступления,1
сообразил,1
курить,1
скажу,1
загородил,1
оторопел,1
приказано,1
захлопнул,1
прислонился,1
кому,1
сделается,1
дрогнувшим,1
заводите,1
беспорядков,1
наставительно,1
черт,1
смеют,1
держать,1
законе,1
лишен,1
свободы,1
суда,1
подбодряемый,1
права,1
отпусти,1
слышишь,1
тупая,1
скотина,1
постучал,1
выломаю,1
живодер,1
требую,1
ответил,1
поди,1
позови,1
выпустят,1
сгноят,1
ада,1
негодяи,1
прощены,1
негодяй,1
задыхаюсь,1
навалился,1
размозжу,1
убийцы,1
коленом,1
отпихнул,1
размахнулся,1
громадная,1
соленая,1
волна,1
накрыла,1
потащила,1
рту,1
солоно,1
зубов,1
пошла,1
выплыть,1
замахал,1
чью-то,1
спину,1
били,1
стихло,1
жидкий,1
лунный,1
лежала,1
похожая,1
сеть,1
притаил,1
дыхание,1
ударят,1
серп,1
воткнул,1
повернул,1
кишках,1
укусил,1
стиснул,1
хаоса,1
мелькнула,1
страшная,1
невыносимая,1
такую,1
испытывать,1
годами,1
казавшиеся,1
лунном,1
тенями,1
могло,1
случиться,1
продолжение,1
несговорчивая,1
заставила,1
похолодеть,1
затылка,1
пят,1
крикнуть,1
скорее,1
вышло,1
звука,1
повиновались,1
задыхаясь,1
рванул,1
рубаху,1
порвал,1
чувств,1
xix,1
гудело,1
теле,1
чувствовалось,1
недомогание,1
вчерашней,1
слабости,1
малодушен,1
луны,1
высказывал,1
каких,1
неудовлетворенности,1
философствующей,1
молчал,1
стану,1
четвертку,1
фунт,1
мармеладу,1
приходила,1
стояла,1
лице,1
посетил,1
приказал,1
никите,1
покурить,1
чем-нибудь,1
вечер,1
апоплексического,1
удара,1
потрясающий,1
озноб,1
тошноту,1
отвратительное,1
проникая,1
потянуло,1
желудка,1
залило,1
уши,1
позеленело,1
верят,1
мгновение,1
стадо,1
оленей,1
красивых,1
грациозных,1
пробежало,1
протянула,1
заказным,1
письмом,1
исчезло,1
забылся,1
навеки,1
взяли,1
отнесли,1
часовню,1
открытыми,1
набожно,1
распятие,1
закрыл,1
бывшему,1
начальнику,1
хоронили,1
похоронах,1
1892,1
notes,1
примечания,1
1,1
тебя,1
зовут,1
2,1
христофор,1
3,1
4,1
5,1
история,1
превосходительство,1
7,1
мать-кормилица,1
старину,1
высшую,1
школу,1
окончившие,1
8,1
9,1
10,1
довод,1
11,1
искаженное,1
начало,1
старинной,1
студенческой,1
песни,1
gaudea,1
mus,1
igitur,1
juvenes,1
dum,1
sumus,1
веселиться,1
молоды,1
12,1
13,1
прощайте,1
14,1
военною,1
силою,1
15,1
вильфранш,1
франции,1
тона,1
фр,1
mauvais,1
ton,1
18,1
поэтическая,1
вольность,1
19,1
приди,1
тайно,1
обо,1
ит,1
20,1
драгоценности,1
21,1
горио,1
22,1
мадам,1
уехала,1
23,1
24,1
семейства,1
25,1
невинность,1
26,1
высший,1
27,1
карьеру,1
28,1
старческое,1
бессилие,1
